index,UrlLocal,UrlYoutube,gameAwayTeam,gameDate,gameHomeTeam,gameScore
0,england_epl/2014-2015/2015-02-21 - 18-00 Chelsea 1 - 1 Burnley/,,Burnley,21/02/2015 - 18:00,Chelsea,1 - 1
1,england_epl/2014-2015/2015-02-21 - 18-00 Crystal Palace 1 - 2 Arsenal/,,Arsenal,21/02/2015 - 18:00,Crystal Palace,1 - 2
2,england_epl/2014-2015/2015-02-21 - 18-00 Swansea 2 - 1 Manchester United/,,Manchester United,21/02/2015 - 18:00,Swansea,2 - 1
3,england_epl/2014-2015/2015-02-22 - 19-15 Southampton 0 - 2 Liverpool/,,Liverpool,22/02/2015 - 19:15,Southampton,0 - 2
4,england_epl/2015-2016/2015-08-08 - 19-30 Chelsea 2 - 2 Swansea/,,Swansea,08/08/2015 - 19:30,Chelsea,2 - 2
5,england_epl/2015-2016/2015-08-29 - 17-00 Chelsea 1 - 2 Crystal Palace/,,Crystal Palace,29/08/2015 - 17:00,Chelsea,1 - 2
6,england_epl/2015-2016/2015-08-29 - 17-00 Manchester City 2 - 0 Watford/,,Watford,29/08/2015 - 17:00,Manchester City,2 - 0
7,england_epl/2015-2016/2015-09-12 - 14-45 Everton 3 - 1 Chelsea/,,Chelsea,12/09/2015 - 14:45,Everton,3 - 1
8,england_epl/2015-2016/2015-09-12 - 17-00 Crystal Palace 0 - 1 Manchester City/,,Manchester City,12/09/2015 - 17:00,Crystal Palace,0 - 1
9,england_epl/2015-2016/2015-09-19 - 19-30 Manchester City 1 - 2 West Ham/,,West Ham,19/09/2015 - 19:30,Manchester City,1 - 2
10,england_epl/2015-2016/2015-09-26 - 17-00 Liverpool 3 - 2 Aston Villa/,,Aston Villa,26/09/2015 - 17:00,Liverpool,3 - 2
11,england_epl/2015-2016/2015-10-17 - 17-00 Chelsea 2 - 0 Aston Villa/,,Aston Villa,17/10/2015 - 17:00,Chelsea,2 - 0
12,england_epl/2015-2016/2015-10-31 - 15-45 Chelsea 1 - 3 Liverpool/,,Liverpool,31/10/2015 - 15:45,Chelsea,1 - 3
13,england_epl/2015-2016/2015-11-07 - 18-00 Manchester United 2 - 0 West Brom/,,West Brom,07/11/2015 - 18:00,Manchester United,2 - 0
14,england_epl/2015-2016/2015-11-21 - 20-30 Manchester City 1 - 4 Liverpool/,,Liverpool,21/11/2015 - 20:30,Manchester City,1 - 4
15,england_epl/2015-2016/2015-11-29 - 15-00 Tottenham 0 - 0 Chelsea/,,Chelsea,29/11/2015 - 15:00,Tottenham,0 - 0
16,england_epl/2015-2016/2015-12-05 - 20-30 Chelsea 0 - 1 Bournemouth/,,Bournemouth,05/12/2015 - 20:30,Chelsea,0 - 1
17,england_epl/2015-2016/2015-12-19 - 18-00 Chelsea 3 - 1 Sunderland/,,Sunderland,19/12/2015 - 18:00,Chelsea,3 - 1
18,england_epl/2015-2016/2015-12-26 - 18-00 Manchester City 4 - 1 Sunderland/,,Sunderland,26/12/2015 - 18:00,Manchester City,4 - 1
19,england_epl/2015-2016/2016-01-03 - 16-30 Crystal Palace 0 - 3 Chelsea/,,Chelsea,03/01/2016 - 16:30,Crystal Palace,0 - 3
20,england_epl/2015-2016/2016-01-13 - 22-45 Chelsea 2 - 2 West Brom/,,West Brom,13/01/2016 - 22:45,Chelsea,2 - 2
21,england_epl/2015-2016/2016-02-07 - 19-00 Chelsea 1 - 1 Manchester United/,,Manchester United,07/02/2016 - 19:00,Chelsea,1 - 1
22,england_epl/2015-2016/2016-02-14 - 19-15 Manchester City 1 - 2 Tottenham/,,Tottenham,14/02/2016 - 19:15,Manchester City,1 - 2
23,england_epl/2015-2016/2016-03-02 - 23-00 Liverpool 3 - 0 Manchester City/,,Manchester City,02/03/2016 - 23:00,Liverpool,3 - 0
24,england_epl/2015-2016/2016-03-05 - 18-00 Chelsea 1 - 1 Stoke City/,,Stoke City,05/03/2016 - 18:00,Chelsea,1 - 1
25,england_epl/2015-2016/2016-03-19 - 18-00 Chelsea 2 - 2 West Ham/,,West Ham,19/03/2016 - 18:00,Chelsea,2 - 2
26,england_epl/2015-2016/2016-04-09 - 17-00 Swansea 1 - 0 Chelsea/,,Chelsea,09/04/2016 - 17:00,Swansea,1 - 0
27,england_epl/2015-2016/2016-04-09 - 19-30 Manchester City 2 - 1 West Brom/,,West Brom,09/04/2016 - 19:30,Manchester City,2 - 1
28,england_epl/2015-2016/2016-05-07 - 17-00 Sunderland 3 - 2 Chelsea/,,Chelsea,07/05/2016 - 17:00,Sunderland,3 - 2
29,england_epl/2016-2017/2016-08-14 - 18-00 Arsenal 3 - 4 Liverpool/,,Liverpool,14/08/2016 - 18:00,Arsenal,3 - 4
30,england_epl/2016-2017/2016-08-20 - 17-00 Burnley 2 - 0 Liverpool/,,Liverpool,20/08/2016 - 17:00,Burnley,2 - 0
31,england_epl/2016-2017/2016-08-20 - 19-30 Leicester 0 - 0 Arsenal/,,Arsenal,20/08/2016 - 19:30,Leicester,0 - 0
32,england_epl/2016-2017/2016-09-10 - 17-00 Arsenal 2 - 1 Southampton/,,Southampton,10/09/2016 - 17:00,Arsenal,2 - 1
33,england_epl/2016-2017/2016-09-16 - 22-00 Chelsea 1 - 2 Liverpool/,,Liverpool,16/09/2016 - 22:00,Chelsea,1 - 2
34,england_epl/2016-2017/2016-09-17 - 17-00 Hull City 1 - 4 Arsenal/,,Arsenal,17/09/2016 - 17:00,Hull City,1 - 4
35,england_epl/2016-2017/2016-09-24 - 19-30 Arsenal 3 - 0 Chelsea/,,Chelsea,24/09/2016 - 19:30,Arsenal,3 - 0
36,england_epl/2016-2017/2016-10-17 - 22-00 Liverpool 0 - 0 Manchester United/,,Manchester United,17/10/2016 - 22:00,Liverpool,0 - 0
37,england_epl/2016-2017/2016-10-22 - 19-30 Liverpool 2 - 1 West Brom/,,West Brom,22/10/2016 - 19:30,Liverpool,2 - 1
38,england_epl/2016-2017/2016-10-29 - 14-30 Sunderland 1 - 4 Arsenal/,,Arsenal,29/10/2016 - 14:30,Sunderland,1 - 4
39,england_epl/2016-2017/2016-10-29 - 17-00 Tottenham 1 - 1 Leicester/,,Leicester,29/10/2016 - 17:00,Tottenham,1 - 1
40,england_epl/2016-2017/2016-11-06 - 17-15 Liverpool 6 - 1 Watford/,,Watford,06/11/2016 - 17:15,Liverpool,6 - 1
41,england_epl/2016-2017/2016-11-06 - 19-30 Leicester 1 - 2 West Brom/,,West Brom,06/11/2016 - 19:30,Leicester,1 - 2
42,england_epl/2016-2017/2016-11-19 - 18-00 Southampton 0 - 0 Liverpool/,,Liverpool,19/11/2016 - 18:00,Southampton,0 - 0
43,england_epl/2016-2017/2016-11-26 - 18-00 Liverpool 2 - 0 Sunderland/,,Sunderland,26/11/2016 - 18:00,Liverpool,2 - 0
44,england_epl/2016-2017/2016-12-10 - 20-30 Leicester 4 - 2 Manchester City/,,Manchester City,10/12/2016 - 20:30,Leicester,4 - 2
45,england_epl/2016-2017/2016-12-11 - 19-30 Liverpool 2 - 2 West Ham/,,West Ham,11/12/2016 - 19:30,Liverpool,2 - 2
46,england_epl/2016-2017/2016-12-14 - 22-45 Middlesbrough 0 - 3 Liverpool/,,Liverpool,14/12/2016 - 22:45,Middlesbrough,0 - 3
47,england_epl/2016-2017/2016-12-19 - 23-00 Everton 0 - 1 Liverpool/,,Liverpool,19/12/2016 - 23:00,Everton,0 - 1
48,england_epl/2016-2017/2016-12-27 - 20-15 Liverpool 4 - 1 Stoke City/,,Stoke City,27/12/2016 - 20:15,Liverpool,4 - 1
49,england_epl/2016-2017/2016-12-31 - 20-30 Liverpool 1 - 0 Manchester City/,,Manchester City,31/12/2016 - 20:30,Liverpool,1 - 0
50,england_epl/2016-2017/2017-01-02 - 15-30 Middlesbrough 0 - 0 Leicester/,,Leicester,02/01/2017 - 15:30,Middlesbrough,0 - 0
51,england_epl/2016-2017/2017-01-02 - 18-00 Sunderland 2 - 2 Liverpool/,,Liverpool,02/01/2017 - 18:00,Sunderland,2 - 2
52,england_epl/2016-2017/2017-01-14 - 20-30 Leicester 0 - 3 Chelsea/,,Chelsea,14/01/2017 - 20:30,Leicester,0 - 3
53,england_epl/2016-2017/2017-01-15 - 19-00 Manchester United 1 - 1 Liverpool/,,Liverpool,15/01/2017 - 19:00,Manchester United,1 - 1
54,england_epl/2016-2017/2017-01-31 - 23-00 Liverpool 1 - 1 Chelsea/,,Chelsea,31/01/2017 - 23:00,Liverpool,1 - 1
55,england_epl/2016-2017/2017-02-27 - 23-00 Leicester 3 - 1 Liverpool/,,Liverpool,27/02/2017 - 23:00,Leicester,3 - 1
56,england_epl/2016-2017/2017-04-26 - 21-45 Arsenal 1 - 0 Leicester/,,Leicester,26/04/2017 - 21:45,Arsenal,1 - 0
57,england_epl/2016-2017/2017-05-13 - 14-30 Manchester City 2 - 1 Leicester/,,Leicester,13/05/2017 - 14:30,Manchester City,2 - 1
58,europe_uefa-champions-league/2014-2015/2014-11-04 - 22-45 Arsenal 3 - 3 Anderlecht/,,Anderlecht,04/11/2014 - 22:45,Arsenal,3 - 3
59,europe_uefa-champions-league/2014-2015/2014-11-04 - 22-45 Dortmund 4 - 1 Galatasaray/,,Galatasaray,04/11/2014 - 22:45,Dortmund,4 - 1
60,europe_uefa-champions-league/2014-2015/2014-11-05 - 22-45 Bayern Munich 2 - 0 AS Roma/,,AS Roma,05/11/2014 - 22:45,Bayern Munich,2 - 0
61,europe_uefa-champions-league/2014-2015/2014-12-09 - 22-45 Benfica 0 - 0 Bayer Leverkusen/,,Bayer Leverkusen,09/12/2014 - 22:45,Benfica,0 - 0
62,europe_uefa-champions-league/2014-2015/2014-12-09 - 22-45 Dortmund 1 - 1 Anderlecht/,,Anderlecht,09/12/2014 - 22:45,Dortmund,1 - 1
63,europe_uefa-champions-league/2014-2015/2014-12-09 - 22-45 Liverpool 1 - 1 Basel/,,Basel,09/12/2014 - 22:45,Liverpool,1 - 1
64,europe_uefa-champions-league/2014-2015/2014-12-10 - 22-45 Barcelona 3 - 1 Paris SG/,,Paris SG,10/12/2014 - 22:45,Barcelona,3 - 1
65,europe_uefa-champions-league/2014-2015/2014-12-10 - 22-45 Bayern Munich 3 - 0 CSKA Moscow/,,CSKA Moscow,10/12/2014 - 22:45,Bayern Munich,3 - 0
66,europe_uefa-champions-league/2014-2015/2015-02-17 - 22-45 Paris SG 1 - 1 Chelsea/,,Chelsea,17/02/2015 - 22:45,Paris SG,1 - 1
67,europe_uefa-champions-league/2014-2015/2015-02-17 - 22-45 Shakhtar Donetsk 0 - 0 Bayern Munich/,,Bayern Munich,17/02/2015 - 22:45,Shakhtar Donetsk,0 - 0
68,europe_uefa-champions-league/2014-2015/2015-02-18 - 22-45 Schalke 0 - 2 Real Madrid/,,Real Madrid,18/02/2015 - 22:45,Schalke,0 - 2
69,europe_uefa-champions-league/2014-2015/2015-02-25 - 22-45 Arsenal 1 - 3 Monaco/,,Monaco,25/02/2015 - 22:45,Arsenal,1 - 3
70,europe_uefa-champions-league/2014-2015/2015-02-25 - 22-45 Bayer Leverkusen 1 - 0 Atl. Madrid/,,Atl. Madrid,25/02/2015 - 22:45,Bayer Leverkusen,1 - 0
71,europe_uefa-champions-league/2014-2015/2015-03-10 - 22-45 FC Porto 4 - 0 Basel/,,Basel,10/03/2015 - 22:45,FC Porto,4 - 0
72,europe_uefa-champions-league/2014-2015/2015-03-18 - 22-45 Barcelona 1 - 0 Manchester City/,,Manchester City,18/03/2015 - 22:45,Barcelona,1 - 0
73,europe_uefa-champions-league/2014-2015/2015-03-18 - 22-45 Dortmund 0 - 3 Juventus/,,Juventus,18/03/2015 - 22:45,Dortmund,0 - 3
74,europe_uefa-champions-league/2014-2015/2015-04-14 - 21-45 Atl. Madrid 0 - 0 Real Madrid/,,Real Madrid,14/04/2015 - 21:45,Atl. Madrid,0 - 0
75,europe_uefa-champions-league/2014-2015/2015-04-14 - 21-45 Juventus 1 - 0 Monaco/,,Monaco,14/04/2015 - 21:45,Juventus,1 - 0
76,europe_uefa-champions-league/2014-2015/2015-04-21 - 21-45 Bayern Munich 6 - 1 FC Porto/,,FC Porto,21/04/2015 - 21:45,Bayern Munich,6 - 1
77,europe_uefa-champions-league/2014-2015/2015-04-22 - 21-45 Monaco 0 - 0 Juventus/,,Juventus,22/04/2015 - 21:45,Monaco,0 - 0
78,europe_uefa-champions-league/2014-2015/2015-05-06 - 21-45 Barcelona 3 - 0 Bayern Munich/,,Bayern Munich,06/05/2015 - 21:45,Barcelona,3 - 0
79,europe_uefa-champions-league/2014-2015/2015-05-12 - 21-45 Bayern Munich 3 - 2 Barcelona/,,Barcelona,12/05/2015 - 21:45,Bayern Munich,3 - 2
80,europe_uefa-champions-league/2015-2016/2015-09-15 - 21-45 Galatasaray 0 - 2 Atl. Madrid/,,Atl. Madrid,15/09/2015 - 21:45,Galatasaray,0 - 2
81,europe_uefa-champions-league/2015-2016/2015-09-15 - 21-45 Manchester City 1 - 2 Juventus/,,Juventus,15/09/2015 - 21:45,Manchester City,1 - 2
82,europe_uefa-champions-league/2015-2016/2015-09-15 - 21-45 Paris SG 2 - 0 Malmo FF/,,Malmo FF,15/09/2015 - 21:45,Paris SG,2 - 0
83,europe_uefa-champions-league/2015-2016/2015-09-15 - 21-45 Real Madrid 4 - 0 Shakhtar Donetsk/,,Shakhtar Donetsk,15/09/2015 - 21:45,Real Madrid,4 - 0
84,europe_uefa-champions-league/2015-2016/2015-09-15 - 21-45 Sevilla 3 - 0 B. Monchengladbach/,,B. Monchengladbach,15/09/2015 - 21:45,Sevilla,3 - 0
85,europe_uefa-champions-league/2015-2016/2015-09-16 - 21-45 AS Roma 1 - 1 Barcelona/,,Barcelona,16/09/2015 - 21:45,AS Roma,1 - 1
86,europe_uefa-champions-league/2015-2016/2015-09-16 - 21-45 Bayer Leverkusen 4 - 1 BATE/,,BATE,16/09/2015 - 21:45,Bayer Leverkusen,4 - 1
87,europe_uefa-champions-league/2015-2016/2015-09-16 - 21-45 Gent 1 - 1 Lyon/,,Lyon,16/09/2015 - 21:45,Gent,1 - 1
88,europe_uefa-champions-league/2015-2016/2015-09-29 - 21-45 Arsenal 2 - 3 Olympiakos Piraeus/,,Olympiakos Piraeus,29/09/2015 - 21:45,Arsenal,2 - 3
89,europe_uefa-champions-league/2015-2016/2015-09-29 - 21-45 Lyon 0 - 1 Valencia/,,Valencia,29/09/2015 - 21:45,Lyon,0 - 1
90,europe_uefa-champions-league/2015-2016/2015-10-20 - 21-45 Arsenal 2 - 0 Bayern Munich/,,Bayern Munich,20/10/2015 - 21:45,Arsenal,2 - 0
91,europe_uefa-champions-league/2015-2016/2015-11-03 - 18-00 FC Astana 0 - 0 Atl. Madrid/,,Atl. Madrid,03/11/2015 - 18:00,FC Astana,0 - 0
92,europe_uefa-champions-league/2015-2016/2015-11-03 - 22-45 B. Monchengladbach 1 - 1 Juventus/,,Juventus,03/11/2015 - 22:45,B. Monchengladbach,1 - 1
93,europe_uefa-champions-league/2015-2016/2015-11-03 - 22-45 Manchester United 1 - 0 CSKA Moscow/,,CSKA Moscow,03/11/2015 - 22:45,Manchester United,1 - 0
94,europe_uefa-champions-league/2015-2016/2015-11-03 - 22-45 PSV 2 - 0 Wolfsburg/,,Wolfsburg,03/11/2015 - 22:45,PSV,2 - 0
95,europe_uefa-champions-league/2015-2016/2015-11-04 - 22-45 Bayern Munich 5 - 1 Arsenal/,,Arsenal,04/11/2015 - 22:45,Bayern Munich,5 - 1
96,europe_uefa-champions-league/2015-2016/2015-11-04 - 22-45 Gent 1 - 0 Valencia/,,Valencia,04/11/2015 - 22:45,Gent,1 - 0
97,europe_uefa-champions-league/2015-2016/2015-11-04 - 22-45 Lyon 0 - 2 Zenit Petersburg/,,Zenit Petersburg,04/11/2015 - 22:45,Lyon,0 - 2
98,europe_uefa-champions-league/2015-2016/2015-11-04 - 22-45 Maccabi Tel Aviv 1 - 3 FC Porto/,,FC Porto,04/11/2015 - 22:45,Maccabi Tel Aviv,1 - 3
99,europe_uefa-champions-league/2015-2016/2015-11-24 - 20-00 Zenit Petersburg 2 - 0 Valencia/,,Valencia,24/11/2015 - 20:00,Zenit Petersburg,2 - 0
100,europe_uefa-champions-league/2015-2016/2015-11-24 - 22-45 Barcelona 6 - 1 AS Roma/,,AS Roma,24/11/2015 - 22:45,Barcelona,6 - 1
101,europe_uefa-champions-league/2015-2016/2015-11-24 - 22-45 Bayern Munich 4 - 0 Olympiakos Piraeus/,,Olympiakos Piraeus,24/11/2015 - 22:45,Bayern Munich,4 - 0
102,europe_uefa-champions-league/2015-2016/2015-11-24 - 22-45 FC Porto 0 - 2 Dyn. Kiev/,,Dyn. Kiev,24/11/2015 - 22:45,FC Porto,0 - 2
103,europe_uefa-champions-league/2015-2016/2015-11-24 - 22-45 Maccabi Tel Aviv 0 - 4 Chelsea/,,Chelsea,24/11/2015 - 22:45,Maccabi Tel Aviv,0 - 4
104,europe_uefa-champions-league/2015-2016/2015-11-25 - 20-00 CSKA Moscow 0 - 2 Wolfsburg/,,Wolfsburg,25/11/2015 - 20:00,CSKA Moscow,0 - 2
105,europe_uefa-champions-league/2015-2016/2015-11-25 - 22-45 Atl. Madrid 2 - 0 Galatasaray/,,Galatasaray,25/11/2015 - 22:45,Atl. Madrid,2 - 0
106,europe_uefa-champions-league/2015-2016/2015-11-25 - 22-45 B. Monchengladbach 4 - 2 Sevilla/,,Sevilla,25/11/2015 - 22:45,B. Monchengladbach,4 - 2
107,europe_uefa-champions-league/2015-2016/2015-11-25 - 22-45 Malmo FF 0 - 5 Paris SG/,,Paris SG,25/11/2015 - 22:45,Malmo FF,0 - 5
108,europe_uefa-champions-league/2015-2016/2015-12-09 - 22-45 D. Zagreb 0 - 2 Bayern Munich/,,Bayern Munich,09/12/2015 - 22:45,D. Zagreb,0 - 2
109,europe_uefa-champions-league/2016-2017/2016-09-13 - 21-45 Barcelona 7 - 0 Celtic/,,Celtic,13/09/2016 - 21:45,Barcelona,7 - 0
110,europe_uefa-champions-league/2016-2017/2016-09-13 - 21-45 Dyn. Kiev 1 - 2 Napoli/,,Napoli,13/09/2016 - 21:45,Dyn. Kiev,1 - 2
111,europe_uefa-champions-league/2016-2017/2016-09-28 - 21-45 Ludogorets 1 - 3 Paris SG/,,Paris SG,28/09/2016 - 21:45,Ludogorets,1 - 3
112,europe_uefa-champions-league/2016-2017/2016-10-19 - 21-45 Barcelona 4 - 0 Manchester City/,,Manchester City,19/10/2016 - 21:45,Barcelona,4 - 0
113,europe_uefa-champions-league/2016-2017/2016-11-23 - 22-45 Celtic 0 - 2 Barcelona/,,Barcelona,23/11/2016 - 22:45,Celtic,0 - 2
114,europe_uefa-champions-league/2016-2017/2016-11-23 - 22-45 Napoli 0 - 0 Dyn. Kiev/,,Dyn. Kiev,23/11/2016 - 22:45,Napoli,0 - 0
115,europe_uefa-champions-league/2016-2017/2016-12-06 - 22-45 Benfica 1 - 2 Napoli/,,Napoli,06/12/2016 - 22:45,Benfica,1 - 2
116,europe_uefa-champions-league/2016-2017/2017-02-14 - 22-45 Paris SG 4 - 0 Barcelona/,,Barcelona,14/02/2017 - 22:45,Paris SG,4 - 0
117,europe_uefa-champions-league/2016-2017/2017-02-15 - 22-45 Real Madrid 3 - 1 Napoli/,,Napoli,15/02/2017 - 22:45,Real Madrid,3 - 1
118,europe_uefa-champions-league/2016-2017/2017-03-07 - 22-45 Napoli 1 - 3 Real Madrid/,,Real Madrid,07/03/2017 - 22:45,Napoli,1 - 3
119,europe_uefa-champions-league/2016-2017/2017-04-18 - 21-45 Real Madrid 4 - 2 Bayern Munich/,,Bayern Munich,18/04/2017 - 21:45,Real Madrid,4 - 2
120,france_ligue-1/2014-2015/2015-04-05 - 22-00 Marseille 2 - 3 Paris SG/,,Paris SG,05/04/2015 - 22:00,Marseille,2 - 3
121,france_ligue-1/2015-2016/2015-09-26 - 18-30 Nantes 1 - 4 Paris SG/,,Paris SG,26/09/2015 - 18:30,Nantes,1 - 4
122,france_ligue-1/2015-2016/2015-11-07 - 19-00 Paris SG 5 - 0 Toulouse/,,Toulouse,07/11/2015 - 19:00,Paris SG,5 - 0
123,france_ligue-1/2016-2017/2016-08-12 - 21-00 Bastia 0 - 1 Paris SG/,,Paris SG,12/08/2016 - 21:00,Bastia,0 - 1
124,france_ligue-1/2016-2017/2016-09-16 - 21-45 Caen 0 - 6 Paris SG/,,Paris SG,16/09/2016 - 21:45,Caen,0 - 6
125,france_ligue-1/2016-2017/2016-09-23 - 21-45 Toulouse 2 - 0 Paris SG/,,Paris SG,23/09/2016 - 21:45,Toulouse,2 - 0
126,france_ligue-1/2016-2017/2016-10-01 - 18-00 Paris SG 2 - 0 Bordeaux/,,Bordeaux,01/10/2016 - 18:00,Paris SG,2 - 0
127,france_ligue-1/2016-2017/2016-10-15 - 18-00 Nancy 1 - 2 Paris SG/,,Paris SG,15/10/2016 - 18:00,Nancy,1 - 2
128,france_ligue-1/2016-2017/2016-10-28 - 21-45 Lille 0 - 1 Paris SG/,,Paris SG,28/10/2016 - 21:45,Lille,0 - 1
129,france_ligue-1/2016-2017/2016-11-06 - 22-45 Paris SG 4 - 0 Rennes/,,Rennes,06/11/2016 - 22:45,Paris SG,4 - 0
130,france_ligue-1/2016-2017/2016-11-19 - 19-00 Paris SG 2 - 0 Nantes/,,Nantes,19/11/2016 - 19:00,Paris SG,2 - 0
131,france_ligue-1/2016-2017/2016-11-27 - 22-45 Lyon 1 - 2 Paris SG/,,Paris SG,27/11/2016 - 22:45,Lyon,1 - 2
132,france_ligue-1/2016-2017/2016-12-11 - 22-45 Paris SG 2 - 2 Nice/,,Nice,11/12/2016 - 22:45,Paris SG,2 - 2
133,france_ligue-1/2016-2017/2016-12-17 - 19-00 Guingamp 2 - 1 Paris SG/,,Paris SG,17/12/2016 - 19:00,Guingamp,2 - 1
134,france_ligue-1/2016-2017/2016-12-21 - 22-50 Paris SG 5 - 0 Lorient/,,Lorient,21/12/2016 - 22:50,Paris SG,5 - 0
135,france_ligue-1/2016-2017/2017-01-21 - 19-00 Nantes 0 - 2 Paris SG/,,Paris SG,21/01/2017 - 19:00,Nantes,0 - 2
136,france_ligue-1/2016-2017/2017-02-10 - 22-45 Bordeaux 0 - 3 Paris SG/,,Paris SG,10/02/2017 - 22:45,Bordeaux,0 - 3
137,france_ligue-1/2016-2017/2017-02-19 - 23-00 Paris SG 0 - 0 Toulouse/,,Toulouse,19/02/2017 - 23:00,Paris SG,0 - 0
138,france_ligue-1/2016-2017/2017-02-26 - 23-00 Marseille 1 - 5 Paris SG/,,Paris SG,26/02/2017 - 23:00,Marseille,1 - 5
139,france_ligue-1/2016-2017/2017-03-12 - 23-00 Lorient 1 - 2 Paris SG/,,Paris SG,12/03/2017 - 23:00,Lorient,1 - 2
140,france_ligue-1/2016-2017/2017-03-19 - 23-00 Paris SG 2 - 1 Lyon/,,Lyon,19/03/2017 - 23:00,Paris SG,2 - 1
141,france_ligue-1/2016-2017/2017-04-14 - 21-45 Angers 0 - 2 Paris SG/,,Paris SG,14/04/2017 - 21:45,Angers,0 - 2
142,france_ligue-1/2016-2017/2017-04-18 - 19-30 Metz 2 - 3 Paris SG/,,Paris SG,18/04/2017 - 19:30,Metz,2 - 3
143,france_ligue-1/2016-2017/2017-04-22 - 18-00 Paris SG 2 - 0 Montpellier/,,Montpellier,22/04/2017 - 18:00,Paris SG,2 - 0
144,france_ligue-1/2016-2017/2017-04-30 - 22-00 Nice 3 - 1 Paris SG/,,Paris SG,30/04/2017 - 22:00,Nice,3 - 1
145,france_ligue-1/2016-2017/2017-05-06 - 18-00 Paris SG 5 - 0 Bastia/,,Bastia,06/05/2017 - 18:00,Paris SG,5 - 0
146,france_ligue-1/2016-2017/2017-05-20 - 22-00 Paris SG 1 - 1 Caen/,,Caen,20/05/2017 - 22:00,Paris SG,1 - 1
147,germany_bundesliga/2014-2015/2015-02-21 - 17-30 Paderborn 0 - 6 Bayern Munich/,,Bayern Munich,21/02/2015 - 17:30,Paderborn,0 - 6
148,germany_bundesliga/2014-2015/2015-04-11 - 16-30 Bayern Munich 3 - 0 Eintracht Frankfurt/,,Eintracht Frankfurt,11/04/2015 - 16:30,Bayern Munich,3 - 0
149,germany_bundesliga/2014-2015/2015-04-25 - 16-30 Dortmund 2 - 0 Eintracht Frankfurt/,,Eintracht Frankfurt,25/04/2015 - 16:30,Dortmund,2 - 0
150,germany_bundesliga/2014-2015/2015-05-09 - 16-30 Dortmund 2 - 0 Hertha Berlin/,,Hertha Berlin,09/05/2015 - 16:30,Dortmund,2 - 0
151,germany_bundesliga/2014-2015/2015-05-16 - 16-30 Wolfsburg 2 - 1 Dortmund/,,Dortmund,16/05/2015 - 16:30,Wolfsburg,2 - 1
152,germany_bundesliga/2015-2016/2015-08-22 - 16-30 Hoffenheim 1 - 2 Bayern Munich/,,Bayern Munich,22/08/2015 - 16:30,Hoffenheim,1 - 2
153,germany_bundesliga/2015-2016/2015-08-30 - 16-30 Dortmund 3 - 1 Hertha Berlin/,,Hertha Berlin,30/08/2015 - 16:30,Dortmund,3 - 1
154,germany_bundesliga/2015-2016/2015-09-19 - 16-30 Darmstadt 0 - 3 Bayern Munich/,,Bayern Munich,19/09/2015 - 16:30,Darmstadt,0 - 3
155,germany_bundesliga/2015-2016/2015-09-22 - 21-00 Bayern Munich 5 - 1 Wolfsburg/,,Wolfsburg,22/09/2015 - 21:00,Bayern Munich,5 - 1
156,germany_bundesliga/2015-2016/2015-09-26 - 16-30 1. FSV Mainz 05 0 - 3 Bayern Munich/,,Bayern Munich,26/09/2015 - 16:30,1. FSV Mainz 05,0 - 3
157,germany_bundesliga/2015-2016/2015-12-12 - 17-30 Bayern Munich 2 - 0 Ingolstadt/,,Ingolstadt,12/12/2015 - 17:30,Bayern Munich,2 - 0
158,germany_bundesliga/2015-2016/2016-01-31 - 19-30 Bayern Munich 2 - 0 Hoffenheim/,,Hoffenheim,31/01/2016 - 19:30,Bayern Munich,2 - 0
159,germany_bundesliga/2015-2016/2016-04-02 - 16-30 Bayern Munich 1 - 0 Eintracht Frankfurt/,,Eintracht Frankfurt,02/04/2016 - 16:30,Bayern Munich,1 - 0
160,germany_bundesliga/2015-2016/2016-04-09 - 16-30 VfB Stuttgart 1 - 3 Bayern Munich/,,Bayern Munich,09/04/2016 - 16:30,VfB Stuttgart,1 - 3
161,germany_bundesliga/2015-2016/2016-04-16 - 19-30 Bayern Munich 3 - 0 Schalke/,,Schalke,16/04/2016 - 19:30,Bayern Munich,3 - 0
162,germany_bundesliga/2016-2017/2016-09-17 - 16-30 Dortmund 6 - 0 Darmstadt/,,Darmstadt,17/09/2016 - 16:30,Dortmund,6 - 0
163,germany_bundesliga/2016-2017/2016-09-20 - 21-00 Wolfsburg 1 - 5 Dortmund/,,Dortmund,20/09/2016 - 21:00,Wolfsburg,1 - 5
164,germany_bundesliga/2016-2017/2016-09-23 - 21-30 Dortmund 3 - 1 SC Freiburg/,,SC Freiburg,23/09/2016 - 21:30,Dortmund,3 - 1
165,germany_bundesliga/2016-2017/2016-10-14 - 21-30 Dortmund 1 - 1 Hertha Berlin/,,Hertha Berlin,14/10/2016 - 21:30,Dortmund,1 - 1
166,germany_bundesliga/2016-2017/2016-10-22 - 16-30 Ingolstadt 3 - 3 Dortmund/,,Dortmund,22/10/2016 - 16:30,Ingolstadt,3 - 3
167,germany_bundesliga/2016-2017/2016-10-29 - 19-30 Dortmund 0 - 0 Schalke/,,Schalke,29/10/2016 - 19:30,Dortmund,0 - 0
168,germany_bundesliga/2016-2017/2016-11-26 - 17-30 Eintracht Frankfurt 2 - 1 Dortmund/,,Dortmund,26/11/2016 - 17:30,Eintracht Frankfurt,2 - 1
169,germany_bundesliga/2016-2017/2016-12-10 - 17-30 FC Koln 1 - 1 Dortmund/,,Dortmund,10/12/2016 - 17:30,FC Koln,1 - 1
170,germany_bundesliga/2016-2017/2016-12-20 - 22-00 Dortmund 1 - 1 FC Augsburg/,,FC Augsburg,20/12/2016 - 22:00,Dortmund,1 - 1
171,germany_bundesliga/2016-2017/2017-02-04 - 20-30 Dortmund 1 - 0 RB Leipzig/,,RB Leipzig,04/02/2017 - 20:30,Dortmund,1 - 0
172,germany_bundesliga/2016-2017/2017-02-11 - 17-30 Darmstadt 2 - 1 Dortmund/,,Dortmund,11/02/2017 - 17:30,Darmstadt,2 - 1
173,germany_bundesliga/2016-2017/2017-02-18 - 17-30 Dortmund 3 - 0 Wolfsburg/,,Wolfsburg,18/02/2017 - 17:30,Dortmund,3 - 0
174,germany_bundesliga/2016-2017/2017-03-17 - 22-30 Dortmund 1 - 0 Ingolstadt/,,Ingolstadt,17/03/2017 - 22:30,Dortmund,1 - 0
175,germany_bundesliga/2016-2017/2017-04-01 - 16-30 Schalke 1 - 1 Dortmund/,,Dortmund,01/04/2017 - 16:30,Schalke,1 - 1
176,germany_bundesliga/2016-2017/2017-04-15 - 16-30 Dortmund 3 - 1 Eintracht Frankfurt/,,Eintracht Frankfurt,15/04/2017 - 16:30,Dortmund,3 - 1
177,germany_bundesliga/2016-2017/2017-05-13 - 16-30 FC Augsburg 1 - 1 Dortmund/,,Dortmund,13/05/2017 - 16:30,FC Augsburg,1 - 1
178,italy_serie-a/2014-2015/2015-02-15 - 14-30 AC Milan 1 - 1 Empoli/,,Empoli,15/02/2015 - 14:30,AC Milan,1 - 1
179,italy_serie-a/2014-2015/2015-04-11 - 21-45 Verona 0 - 3 Inter/,,Inter,11/04/2015 - 21:45,Verona,0 - 3
180,italy_serie-a/2014-2015/2015-04-19 - 21-45 Inter 0 - 0 AC Milan/,,AC Milan,19/04/2015 - 21:45,Inter,0 - 0
181,italy_serie-a/2014-2015/2015-04-25 - 21-45 Inter 2 - 1 AS Roma/,,AS Roma,25/04/2015 - 21:45,Inter,2 - 1
182,italy_serie-a/2014-2015/2015-04-26 - 16-00 Torino 2 - 1 Juventus/,,Juventus,26/04/2015 - 16:00,Torino,2 - 1
183,italy_serie-a/2014-2015/2015-05-03 - 21-45 Napoli 3 - 0 AC Milan/,,AC Milan,03/05/2015 - 21:45,Napoli,3 - 0
184,italy_serie-a/2014-2015/2015-05-16 - 19-00 Inter 1 - 2 Juventus/,,Juventus,16/05/2015 - 19:00,Inter,1 - 2
185,italy_serie-a/2015-2016/2015-09-20 - 13-30 Chievo 0 - 1 Inter/,,Inter,20/09/2015 - 13:30,Chievo,0 - 1
186,italy_serie-a/2015-2016/2015-09-22 - 21-45 Udinese 2 - 3 AC Milan/,,AC Milan,22/09/2015 - 21:45,Udinese,2 - 3
187,italy_serie-a/2015-2016/2015-11-01 - 22-45 Lazio 1 - 3 AC Milan/,,AC Milan,01/11/2015 - 22:45,Lazio,1 - 3
188,italy_serie-a/2015-2016/2015-11-07 - 22-45 AC Milan 0 - 0 Atalanta/,,Atalanta,07/11/2015 - 22:45,AC Milan,0 - 0
189,italy_serie-a/2015-2016/2015-11-22 - 22-45 Inter 4 - 0 Frosinone/,,Frosinone,22/11/2015 - 22:45,Inter,4 - 0
190,italy_serie-a/2016-2017/2016-08-21 - 21-45 Pescara 2 - 2 Napoli/,,Napoli,21/08/2016 - 21:45,Pescara,2 - 2
191,italy_serie-a/2016-2017/2016-08-28 - 21-45 Cagliari 2 - 2 AS Roma/,,AS Roma,28/08/2016 - 21:45,Cagliari,2 - 2
192,italy_serie-a/2016-2017/2016-09-10 - 21-45 Palermo 0 - 3 Napoli/,,Napoli,10/09/2016 - 21:45,Palermo,0 - 3
193,italy_serie-a/2016-2017/2016-09-16 - 21-45 Sampdoria 0 - 1 AC Milan/,,AC Milan,16/09/2016 - 21:45,Sampdoria,0 - 1
194,italy_serie-a/2016-2017/2016-09-17 - 21-45 Napoli 3 - 1 Bologna/,,Bologna,17/09/2016 - 21:45,Napoli,3 - 1
195,italy_serie-a/2016-2017/2016-09-21 - 21-45 AS Roma 4 - 0 Crotone/,,Crotone,21/09/2016 - 21:45,AS Roma,4 - 0
196,italy_serie-a/2016-2017/2016-10-15 - 16-00 Napoli 1 - 3 AS Roma/,,AS Roma,15/10/2016 - 16:00,Napoli,1 - 3
197,italy_serie-a/2016-2017/2016-10-23 - 16-00 Crotone 1 - 2 Napoli/,,Napoli,23/10/2016 - 16:00,Crotone,1 - 2
198,italy_serie-a/2016-2017/2016-10-23 - 21-45 AS Roma 4 - 1 Palermo/,,Palermo,23/10/2016 - 21:45,AS Roma,4 - 1
199,italy_serie-a/2016-2017/2016-10-25 - 21-45 Genoa 3 - 0 AC Milan/,,AC Milan,25/10/2016 - 21:45,Genoa,3 - 0
200,italy_serie-a/2016-2017/2016-10-26 - 21-45 Napoli 2 - 0 Empoli/,,Empoli,26/10/2016 - 21:45,Napoli,2 - 0
201,italy_serie-a/2016-2017/2016-10-26 - 21-45 Sassuolo 1 - 3 AS Roma/,,AS Roma,26/10/2016 - 21:45,Sassuolo,1 - 3
202,italy_serie-a/2016-2017/2016-10-30 - 17-00 AC Milan 1 - 0 Pescara/,,Pescara,30/10/2016 - 17:00,AC Milan,1 - 0
203,italy_serie-a/2016-2017/2016-10-30 - 17-00 Empoli 0 - 0 AS Roma/,,AS Roma,30/10/2016 - 17:00,Empoli,0 - 0
204,italy_serie-a/2016-2017/2016-11-06 - 17-00 Palermo 1 - 2 AC Milan/,,AC Milan,06/11/2016 - 17:00,Palermo,1 - 2
205,italy_serie-a/2016-2017/2016-11-06 - 22-45 AS Roma 3 - 0 Bologna/,,Bologna,06/11/2016 - 22:45,AS Roma,3 - 0
206,italy_serie-a/2016-2017/2016-11-20 - 22-45 AC Milan 2 - 2 Inter/,,Inter,20/11/2016 - 22:45,AC Milan,2 - 2
207,italy_serie-a/2016-2017/2016-11-27 - 22-45 AS Roma 3 - 2 Pescara/,,Pescara,27/11/2016 - 22:45,AS Roma,3 - 2
208,italy_serie-a/2016-2017/2016-12-04 - 14-30 AC Milan 2 - 1 Crotone/,,Crotone,04/12/2016 - 14:30,AC Milan,2 - 1
209,italy_serie-a/2016-2017/2016-12-17 - 20-00 AC Milan 0 - 0 Atalanta/,,Atalanta,17/12/2016 - 20:00,AC Milan,0 - 0
210,italy_serie-a/2016-2017/2016-12-22 - 22-45 AS Roma 3 - 1 Chievo/,,Chievo,22/12/2016 - 22:45,AS Roma,3 - 1
211,italy_serie-a/2016-2017/2017-01-08 - 20-00 AC Milan 1 - 0 Cagliari/,,Cagliari,08/01/2017 - 20:00,AC Milan,1 - 0
212,italy_serie-a/2016-2017/2017-01-15 - 17-00 Napoli 3 - 1 Pescara/,,Pescara,15/01/2017 - 17:00,Napoli,3 - 1
213,italy_serie-a/2016-2017/2017-01-15 - 17-00 Udinese 0 - 1 AS Roma/,,AS Roma,15/01/2017 - 17:00,Udinese,0 - 1
214,italy_serie-a/2016-2017/2017-01-21 - 22-45 AC Milan 1 - 2 Napoli/,,Napoli,21/01/2017 - 22:45,AC Milan,1 - 2
215,italy_serie-a/2016-2017/2017-02-04 - 22-45 Bologna 1 - 7 Napoli/,,Napoli,04/02/2017 - 22:45,Bologna,1 - 7
216,italy_serie-a/2016-2017/2017-02-10 - 22-45 Napoli 2 - 0 Genoa/,,Genoa,10/02/2017 - 22:45,Napoli,2 - 0
217,italy_serie-a/2016-2017/2017-02-12 - 14-30 Crotone 0 - 2 AS Roma/,,AS Roma,12/02/2017 - 14:30,Crotone,0 - 2
218,italy_serie-a/2016-2017/2017-02-19 - 20-00 AS Roma 4 - 1 Torino/,,Torino,19/02/2017 - 20:00,AS Roma,4 - 1
219,italy_serie-a/2016-2017/2017-03-04 - 17-00 AS Roma 1 - 2 Napoli/,,Napoli,04/03/2017 - 17:00,AS Roma,1 - 2
220,italy_serie-a/2016-2017/2017-03-12 - 17-00 Napoli 3 - 0 Crotone/,,Crotone,12/03/2017 - 17:00,Napoli,3 - 0
221,italy_serie-a/2016-2017/2017-03-19 - 14-30 Empoli 2 - 3 Napoli/,,Napoli,19/03/2017 - 14:30,Empoli,2 - 3
222,italy_serie-a/2016-2017/2017-03-19 - 22-45 AS Roma 3 - 1 Sassuolo/,,Sassuolo,19/03/2017 - 22:45,AS Roma,3 - 1
223,italy_serie-a/2016-2017/2017-04-09 - 16-00 Bologna 0 - 3 AS Roma/,,AS Roma,09/04/2017 - 16:00,Bologna,0 - 3
224,italy_serie-a/2016-2017/2017-04-09 - 21-45 Lazio 0 - 3 Napoli/,,Napoli,09/04/2017 - 21:45,Lazio,0 - 3
225,italy_serie-a/2016-2017/2017-04-15 - 16-00 AS Roma 1 - 1 Atalanta/,,Atalanta,15/04/2017 - 16:00,AS Roma,1 - 1
226,italy_serie-a/2016-2017/2017-04-23 - 13-30 Sassuolo 2 - 2 Napoli/,,Napoli,23/04/2017 - 13:30,Sassuolo,2 - 2
227,italy_serie-a/2016-2017/2017-04-24 - 21-45 Pescara 1 - 4 AS Roma/,,AS Roma,24/04/2017 - 21:45,Pescara,1 - 4
228,italy_serie-a/2016-2017/2017-05-07 - 21-45 AC Milan 1 - 4 AS Roma/,,AS Roma,07/05/2017 - 21:45,AC Milan,1 - 4
229,italy_serie-a/2016-2017/2017-05-14 - 16-00 Torino 0 - 5 Napoli/,,Napoli,14/05/2017 - 16:00,Torino,0 - 5
230,italy_serie-a/2016-2017/2017-05-14 - 21-45 AS Roma 3 - 1 Juventus/,,Juventus,14/05/2017 - 21:45,AS Roma,3 - 1
231,italy_serie-a/2016-2017/2017-05-20 - 19-00 Chievo 3 - 5 AS Roma/,,AS Roma,20/05/2017 - 19:00,Chievo,3 - 5
232,italy_serie-a/2016-2017/2017-05-28 - 19-00 AS Roma 3 - 2 Genoa/,,Genoa,28/05/2017 - 19:00,AS Roma,3 - 2
233,italy_serie-a/2016-2017/2017-05-28 - 19-00 Sampdoria 2 - 4 Napoli/,,Napoli,28/05/2017 - 19:00,Sampdoria,2 - 4
234,spain_laliga/2014-2015/2015-02-21 - 18-00 Barcelona 0 - 1 Malaga/,,Malaga,21/02/2015 - 18:00,Barcelona,0 - 1
235,spain_laliga/2014-2015/2015-02-22 - 23-00 Elche 0 - 2 Real Madrid/,,Real Madrid,22/02/2015 - 23:00,Elche,0 - 2
236,spain_laliga/2014-2015/2015-05-09 - 21-00 Real Madrid 2 - 2 Valencia/,,Valencia,09/05/2015 - 21:00,Real Madrid,2 - 2
237,spain_laliga/2014-2015/2015-05-17 - 20-00 Atl. Madrid 0 - 1 Barcelona/,,Barcelona,17/05/2015 - 20:00,Atl. Madrid,0 - 1
238,spain_laliga/2014-2015/2015-05-17 - 20-00 Espanyol 1 - 4 Real Madrid/,,Real Madrid,17/05/2015 - 20:00,Espanyol,1 - 4
239,spain_laliga/2014-2015/2015-05-23 - 19-30 Barcelona 2 - 2 Dep. La Coruna/,,Dep. La Coruna,23/05/2015 - 19:30,Barcelona,2 - 2
240,spain_laliga/2015-2016/2015-08-29 - 21-30 Barcelona 1 - 0 Malaga/,,Malaga,29/08/2015 - 21:30,Barcelona,1 - 0
241,spain_laliga/2015-2016/2015-09-12 - 17-00 Espanyol 0 - 6 Real Madrid/,,Real Madrid,12/09/2015 - 17:00,Espanyol,0 - 6
242,spain_laliga/2015-2016/2015-09-23 - 22-00 Ath Bilbao 1 - 2 Real Madrid/,,Real Madrid,23/09/2015 - 22:00,Ath Bilbao,1 - 2
243,spain_laliga/2015-2016/2015-09-26 - 19-15 Real Madrid 0 - 0 Malaga/,,Malaga,26/09/2015 - 19:15,Real Madrid,0 - 0
244,spain_laliga/2015-2016/2015-10-04 - 21-30 Atl. Madrid 1 - 1 Real Madrid/,,Real Madrid,04/10/2015 - 21:30,Atl. Madrid,1 - 1
245,spain_laliga/2015-2016/2015-11-21 - 20-15 Real Madrid 0 - 4 Barcelona/,,Barcelona,21/11/2015 - 20:15,Real Madrid,0 - 4
246,spain_laliga/2015-2016/2015-11-29 - 18-00 Eibar 0 - 2 Real Madrid/,,Real Madrid,29/11/2015 - 18:00,Eibar,0 - 2
247,spain_laliga/2015-2016/2016-01-24 - 22-30 Betis 1 - 1 Real Madrid/,,Real Madrid,24/01/2016 - 22:30,Betis,1 - 1
248,spain_laliga/2015-2016/2016-01-31 - 22-30 Real Madrid 6 - 0 Espanyol/,,Espanyol,31/01/2016 - 22:30,Real Madrid,6 - 0
249,spain_laliga/2015-2016/2016-02-07 - 22-30 Granada CF 1 - 2 Real Madrid/,,Real Madrid,07/02/2016 - 22:30,Granada CF,1 - 2
250,spain_laliga/2015-2016/2016-02-21 - 18-00 Malaga 1 - 1 Real Madrid/,,Real Madrid,21/02/2016 - 18:00,Malaga,1 - 1
251,spain_laliga/2015-2016/2016-03-05 - 18-00 Real Madrid 7 - 1 Celta Vigo/,,Celta Vigo,05/03/2016 - 18:00,Real Madrid,7 - 1
252,spain_laliga/2015-2016/2016-03-13 - 22-30 Las Palmas 1 - 2 Real Madrid/,,Real Madrid,13/03/2016 - 22:30,Las Palmas,1 - 2
253,spain_laliga/2015-2016/2016-04-02 - 21-30 Barcelona 1 - 2 Real Madrid/,,Real Madrid,02/04/2016 - 21:30,Barcelona,1 - 2
254,spain_laliga/2015-2016/2016-04-09 - 17-00 Real Madrid 4 - 0 Eibar/,,Eibar,09/04/2016 - 17:00,Real Madrid,4 - 0
255,spain_laliga/2015-2016/2016-04-16 - 17-00 Getafe 1 - 5 Real Madrid/,,Real Madrid,16/04/2016 - 17:00,Getafe,1 - 5
256,spain_laliga/2015-2016/2016-04-20 - 23-00 Real Madrid 3 - 0 Villarreal/,,Villarreal,20/04/2016 - 23:00,Real Madrid,3 - 0
257,spain_laliga/2015-2016/2016-04-30 - 17-00 Real Sociedad 0 - 1 Real Madrid/,,Real Madrid,30/04/2016 - 17:00,Real Sociedad,0 - 1
258,spain_laliga/2016-2017/2016-08-20 - 19-15 Barcelona 6 - 2 Betis/,,Betis,20/08/2016 - 19:15,Barcelona,6 - 2
259,spain_laliga/2016-2017/2016-08-27 - 21-15 Real Madrid 2 - 1 Celta Vigo/,,Celta Vigo,27/08/2016 - 21:15,Real Madrid,2 - 1
260,spain_laliga/2016-2017/2016-08-28 - 21-15 Ath Bilbao 0 - 1 Barcelona/,,Barcelona,28/08/2016 - 21:15,Ath Bilbao,0 - 1
261,spain_laliga/2016-2017/2016-09-18 - 21-45 Espanyol 0 - 2 Real Madrid/,,Real Madrid,18/09/2016 - 21:45,Espanyol,0 - 2
262,spain_laliga/2016-2017/2016-09-21 - 23-00 Barcelona 1 - 1 Atl. Madrid/,,Atl. Madrid,21/09/2016 - 23:00,Barcelona,1 - 1
263,spain_laliga/2016-2017/2016-10-02 - 17-15 Real Madrid 1 - 1 Eibar/,,Eibar,02/10/2016 - 17:15,Real Madrid,1 - 1
264,spain_laliga/2016-2017/2016-10-15 - 21-45 Betis 1 - 6 Real Madrid/,,Real Madrid,15/10/2016 - 21:45,Betis,1 - 6
265,spain_laliga/2016-2017/2016-10-22 - 17-15 Valencia 2 - 3 Barcelona/,,Barcelona,22/10/2016 - 17:15,Valencia,2 - 3
266,spain_laliga/2016-2017/2016-10-29 - 17-15 Alaves 1 - 4 Real Madrid/,,Real Madrid,29/10/2016 - 17:15,Alaves,1 - 4
267,spain_laliga/2016-2017/2016-10-29 - 21-45 Barcelona 1 - 0 Granada CF/,,Granada CF,29/10/2016 - 21:45,Barcelona,1 - 0
268,spain_laliga/2016-2017/2016-11-06 - 14-00 Real Madrid 3 - 0 Leganes/,,Leganes,06/11/2016 - 14:00,Real Madrid,3 - 0
269,spain_laliga/2016-2017/2016-11-19 - 18-15 Barcelona 0 - 0 Malaga/,,Malaga,19/11/2016 - 18:15,Barcelona,0 - 0
270,spain_laliga/2016-2017/2016-11-19 - 22-45 Atl. Madrid 0 - 3 Real Madrid/,,Real Madrid,19/11/2016 - 22:45,Atl. Madrid,0 - 3
271,spain_laliga/2016-2017/2016-11-27 - 22-45 Real Sociedad 1 - 1 Barcelona/,,Barcelona,27/11/2016 - 22:45,Real Sociedad,1 - 1
272,spain_laliga/2016-2017/2016-12-03 - 18-15 Barcelona 1 - 1 Real Madrid/,,Real Madrid,03/12/2016 - 18:15,Barcelona,1 - 1
273,spain_laliga/2016-2017/2016-12-10 - 22-45 Real Madrid 3 - 2 Dep. La Coruna/,,Dep. La Coruna,10/12/2016 - 22:45,Real Madrid,3 - 2
274,spain_laliga/2016-2017/2017-01-08 - 22-45 Villarreal 1 - 1 Barcelona/,,Barcelona,08/01/2017 - 22:45,Villarreal,1 - 1
275,spain_laliga/2016-2017/2017-01-14 - 18-15 Barcelona 5 - 0 Las Palmas/,,Las Palmas,14/01/2017 - 18:15,Barcelona,5 - 0
276,spain_laliga/2016-2017/2017-01-15 - 22-45 Sevilla 2 - 1 Real Madrid/,,Real Madrid,15/01/2017 - 22:45,Sevilla,2 - 1
277,spain_laliga/2016-2017/2017-01-29 - 14-00 Betis 1 - 1 Barcelona/,,Barcelona,29/01/2017 - 14:00,Betis,1 - 1
278,spain_laliga/2016-2017/2017-01-29 - 22-45 Real Madrid 3 - 0 Real Sociedad/,,Real Sociedad,29/01/2017 - 22:45,Real Madrid,3 - 0
279,spain_laliga/2016-2017/2017-02-19 - 22-45 Barcelona 2 - 1 Leganes/,,Leganes,19/02/2017 - 22:45,Barcelona,2 - 1
280,spain_laliga/2016-2017/2017-02-26 - 18-15 Atl. Madrid 1 - 2 Barcelona/,,Barcelona,26/02/2017 - 18:15,Atl. Madrid,1 - 2
281,spain_laliga/2016-2017/2017-02-26 - 22-45 Villarreal 2 - 3 Real Madrid/,,Real Madrid,26/02/2017 - 22:45,Villarreal,2 - 3
282,spain_laliga/2016-2017/2017-03-01 - 21-30 Barcelona 6 - 1 Gijon/,,Gijon,01/03/2017 - 21:30,Barcelona,6 - 1
283,spain_laliga/2016-2017/2017-03-01 - 23-30 Real Madrid 3 - 3 Las Palmas/,,Las Palmas,01/03/2017 - 23:30,Real Madrid,3 - 3
284,spain_laliga/2016-2017/2017-03-04 - 18-15 Eibar 1 - 4 Real Madrid/,,Real Madrid,04/03/2017 - 18:15,Eibar,1 - 4
285,spain_laliga/2016-2017/2017-03-04 - 22-45 Barcelona 5 - 0 Celta Vigo/,,Celta Vigo,04/03/2017 - 22:45,Barcelona,5 - 0
286,spain_laliga/2016-2017/2017-03-12 - 18-15 Dep. La Coruna 2 - 1 Barcelona/,,Barcelona,12/03/2017 - 18:15,Dep. La Coruna,2 - 1
287,spain_laliga/2016-2017/2017-03-18 - 18-15 Ath Bilbao 1 - 2 Real Madrid/,,Real Madrid,18/03/2017 - 18:15,Ath Bilbao,1 - 2
288,spain_laliga/2016-2017/2017-03-19 - 22-45 Barcelona 4 - 2 Valencia/,,Valencia,19/03/2017 - 22:45,Barcelona,4 - 2
289,spain_laliga/2016-2017/2017-04-02 - 21-45 Granada CF 1 - 4 Barcelona/,,Barcelona,02/04/2017 - 21:45,Granada CF,1 - 4
290,spain_laliga/2016-2017/2017-04-05 - 22-30 Leganes 2 - 4 Real Madrid/,,Real Madrid,05/04/2017 - 22:30,Leganes,2 - 4
291,spain_laliga/2016-2017/2017-04-15 - 17-15 Gijon 2 - 3 Real Madrid/,,Real Madrid,15/04/2017 - 17:15,Gijon,2 - 3
292,spain_laliga/2016-2017/2017-04-15 - 21-45 Barcelona 3 - 2 Real Sociedad/,,Real Sociedad,15/04/2017 - 21:45,Barcelona,3 - 2
293,spain_laliga/2016-2017/2017-04-26 - 22-30 Dep. La Coruna 2 - 6 Real Madrid/,,Real Madrid,26/04/2017 - 22:30,Dep. La Coruna,2 - 6
294,spain_laliga/2016-2017/2017-05-06 - 19-30 Barcelona 4 - 1 Villarreal/,,Villarreal,06/05/2017 - 19:30,Barcelona,4 - 1
295,spain_laliga/2016-2017/2017-05-06 - 21-45 Granada CF 0 - 4 Real Madrid/,,Real Madrid,06/05/2017 - 21:45,Granada CF,0 - 4
296,spain_laliga/2016-2017/2017-05-14 - 21-00 Real Madrid 4 - 1 Sevilla/,,Sevilla,14/05/2017 - 21:00,Real Madrid,4 - 1
297,spain_laliga/2016-2017/2017-05-17 - 22-00 Celta Vigo 1 - 4 Real Madrid/,,Real Madrid,17/05/2017 - 22:00,Celta Vigo,1 - 4
298,spain_laliga/2016-2017/2017-05-21 - 21-00 Barcelona 4 - 2 Eibar/,,Eibar,21/05/2017 - 21:00,Barcelona,4 - 2
299,spain_laliga/2016-2017/2017-05-21 - 21-00 Malaga 0 - 2 Real Madrid/,,Real Madrid,21/05/2017 - 21:00,Malaga,0 - 2
300,england_epl/2014-2015/2015-04-11 - 19-30 Burnley 0 - 1 Arsenal/,,Arsenal,11/04/2015 - 19:30,Burnley,0 - 1
301,england_epl/2015-2016/2015-08-30 - 18-00 Swansea 2 - 1 Manchester United/,,Manchester United,30/08/2015 - 18:00,Swansea,2 - 1
302,england_epl/2015-2016/2015-09-26 - 17-00 Leicester 2 - 5 Arsenal/,,Arsenal,26/09/2015 - 17:00,Leicester,2 - 5
303,england_epl/2015-2016/2015-09-26 - 17-00 Manchester United 3 - 0 Sunderland/,,Sunderland,26/09/2015 - 17:00,Manchester United,3 - 0
304,england_epl/2015-2016/2015-10-03 - 17-00 Manchester City 6 - 1 Newcastle Utd/,,Newcastle Utd,03/10/2015 - 17:00,Manchester City,6 - 1
305,england_epl/2015-2016/2015-12-26 - 18-00 Chelsea 2 - 2 Watford/,,Watford,26/12/2015 - 18:00,Chelsea,2 - 2
306,england_epl/2015-2016/2016-01-23 - 20-30 West Ham 2 - 2 Manchester City/,,Manchester City,23/01/2016 - 20:30,West Ham,2 - 2
307,england_epl/2015-2016/2016-01-24 - 19-00 Arsenal 0 - 1 Chelsea/,,Chelsea,24/01/2016 - 19:00,Arsenal,0 - 1
308,england_epl/2015-2016/2016-02-13 - 20-30 Chelsea 5 - 1 Newcastle Utd/,,Newcastle Utd,13/02/2016 - 20:30,Chelsea,5 - 1
309,england_epl/2015-2016/2016-02-27 - 18-00 Southampton 1 - 2 Chelsea/,,Chelsea,27/02/2016 - 18:00,Southampton,1 - 2
310,england_epl/2015-2016/2016-03-05 - 18-00 Manchester City 4 - 0 Aston Villa/,,Aston Villa,05/03/2016 - 18:00,Manchester City,4 - 0
311,england_epl/2015-2016/2016-03-20 - 19-00 Manchester City 0 - 1 Manchester United/,,Manchester United,20/03/2016 - 19:00,Manchester City,0 - 1
312,england_epl/2015-2016/2016-04-23 - 17-00 Bournemouth 1 - 4 Chelsea/,,Chelsea,23/04/2016 - 17:00,Bournemouth,1 - 4
313,england_epl/2016-2017/2016-10-01 - 14-30 Swansea 1 - 2 Liverpool/,,Liverpool,01/10/2016 - 14:30,Swansea,1 - 2
314,england_epl/2016-2017/2016-10-02 - 18-30 Burnley 0 - 1 Arsenal/,,Arsenal,02/10/2016 - 18:30,Burnley,0 - 1
315,england_epl/2016-2017/2016-10-22 - 17-00 Arsenal 0 - 0 Middlesbrough/,,Middlesbrough,22/10/2016 - 17:00,Arsenal,0 - 0
316,england_epl/2016-2017/2016-10-29 - 19-30 Crystal Palace 2 - 4 Liverpool/,,Liverpool,29/10/2016 - 19:30,Crystal Palace,2 - 4
317,england_epl/2016-2017/2016-12-04 - 16-30 Bournemouth 4 - 3 Liverpool/,,Liverpool,04/12/2016 - 16:30,Bournemouth,4 - 3
318,england_epl/2016-2017/2017-04-09 - 18-00 Everton 4 - 2 Leicester/,,Leicester,09/04/2017 - 18:00,Everton,4 - 2
319,europe_uefa-champions-league/2014-2015/2014-11-04 - 22-45 Real Madrid 1 - 0 Liverpool/,,Liverpool,04/11/2014 - 22:45,Real Madrid,1 - 0
320,europe_uefa-champions-league/2014-2015/2014-11-05 - 22-45 Ajax 0 - 2 Barcelona/,,Barcelona,05/11/2014 - 22:45,Ajax,0 - 2
321,europe_uefa-champions-league/2014-2015/2014-11-05 - 22-45 Manchester City 1 - 2 CSKA Moscow/,,CSKA Moscow,05/11/2014 - 22:45,Manchester City,1 - 2
322,europe_uefa-champions-league/2014-2015/2014-12-09 - 22-45 Galatasaray 1 - 4 Arsenal/,,Arsenal,09/12/2014 - 22:45,Galatasaray,1 - 4
323,europe_uefa-champions-league/2014-2015/2014-12-09 - 22-45 Real Madrid 4 - 0 Ludogorets/,,Ludogorets,09/12/2014 - 22:45,Real Madrid,4 - 0
324,europe_uefa-champions-league/2014-2015/2015-03-11 - 22-45 Bayern Munich 7 - 0 Shakhtar Donetsk/,,Shakhtar Donetsk,11/03/2015 - 22:45,Bayern Munich,7 - 0
325,europe_uefa-champions-league/2014-2015/2015-04-15 - 21-45 Paris SG 1 - 3 Barcelona/,,Barcelona,15/04/2015 - 21:45,Paris SG,1 - 3
326,europe_uefa-champions-league/2014-2015/2015-04-21 - 21-45 Barcelona 2 - 0 Paris SG/,,Paris SG,21/04/2015 - 21:45,Barcelona,2 - 0
327,europe_uefa-champions-league/2015-2016/2015-09-15 - 21-45 PSV 2 - 1 Manchester United/,,Manchester United,15/09/2015 - 21:45,PSV,2 - 1
328,europe_uefa-champions-league/2015-2016/2015-09-16 - 21-45 Chelsea 4 - 0 Maccabi Tel Aviv/,,Maccabi Tel Aviv,16/09/2015 - 21:45,Chelsea,4 - 0
329,europe_uefa-champions-league/2015-2016/2015-09-16 - 21-45 Dyn. Kiev 2 - 2 FC Porto/,,FC Porto,16/09/2015 - 21:45,Dyn. Kiev,2 - 2
330,europe_uefa-champions-league/2015-2016/2015-09-16 - 21-45 Olympiakos Piraeus 0 - 3 Bayern Munich/,,Bayern Munich,16/09/2015 - 21:45,Olympiakos Piraeus,0 - 3
331,europe_uefa-champions-league/2015-2016/2015-09-29 - 21-45 Barcelona 2 - 1 Bayer Leverkusen/,,Bayer Leverkusen,29/09/2015 - 21:45,Barcelona,2 - 1
332,europe_uefa-champions-league/2015-2016/2015-09-29 - 21-45 FC Porto 2 - 1 Chelsea/,,Chelsea,29/09/2015 - 21:45,FC Porto,2 - 1
333,europe_uefa-champions-league/2015-2016/2015-11-03 - 22-45 Benfica 2 - 1 Galatasaray/,,Galatasaray,03/11/2015 - 22:45,Benfica,2 - 1
334,europe_uefa-champions-league/2015-2016/2015-11-04 - 22-45 Barcelona 3 - 0 BATE/,,BATE,04/11/2015 - 22:45,Barcelona,3 - 0
335,europe_uefa-champions-league/2015-2016/2015-11-24 - 20-00 BATE 1 - 1 Bayer Leverkusen/,,Bayer Leverkusen,24/11/2015 - 20:00,BATE,1 - 1
336,europe_uefa-champions-league/2015-2016/2015-11-25 - 22-45 Juventus 1 - 0 Manchester City/,,Manchester City,25/11/2015 - 22:45,Juventus,1 - 0
337,europe_uefa-champions-league/2016-2017/2016-09-28 - 21-45 Napoli 4 - 2 Benfica/,,Benfica,28/09/2016 - 21:45,Napoli,4 - 2
338,europe_uefa-champions-league/2016-2017/2016-10-19 - 21-45 Paris SG 3 - 0 Basel/,,Basel,19/10/2016 - 21:45,Paris SG,3 - 0
339,france_ligue-1/2015-2016/2015-09-19 - 18-30 Reims 1 - 1 Paris SG/,,Paris SG,19/09/2015 - 18:30,Reims,1 - 1
340,france_ligue-1/2016-2017/2016-08-21 - 21-45 Paris SG 3 - 0 Metz/,,Metz,21/08/2016 - 21:45,Paris SG,3 - 0
341,france_ligue-1/2016-2017/2016-09-09 - 21-45 Paris SG 1 - 1 St Etienne/,,St Etienne,09/09/2016 - 21:45,Paris SG,1 - 1
342,france_ligue-1/2016-2017/2016-09-20 - 22-00 Paris SG 3 - 0 Dijon/,,Dijon,20/09/2016 - 22:00,Paris SG,3 - 0
343,france_ligue-1/2016-2017/2016-10-23 - 21-45 Paris SG 0 - 0 Marseille/,,Marseille,23/10/2016 - 21:45,Paris SG,0 - 0
344,france_ligue-1/2016-2017/2016-12-03 - 19-00 Montpellier 3 - 0 Paris SG/,,Paris SG,03/12/2016 - 19:00,Montpellier,3 - 0
345,france_ligue-1/2016-2017/2017-03-04 - 19-00 Paris SG 1 - 0 Nancy/,,Nancy,04/03/2017 - 19:00,Paris SG,1 - 0
346,france_ligue-1/2016-2017/2017-04-09 - 22-00 Paris SG 4 - 0 Guingamp/,,Guingamp,09/04/2017 - 22:00,Paris SG,4 - 0
347,france_ligue-1/2016-2017/2017-05-14 - 22-00 St Etienne 0 - 5 Paris SG/,,Paris SG,14/05/2017 - 22:00,St Etienne,0 - 5
348,germany_bundesliga/2014-2015/2015-04-25 - 19-30 Bayern Munich 1 - 0 Hertha Berlin/,,Hertha Berlin,25/04/2015 - 19:30,Bayern Munich,1 - 0
349,germany_bundesliga/2014-2015/2015-05-02 - 16-30 Hoffenheim 1 - 1 Dortmund/,,Dortmund,02/05/2015 - 16:30,Hoffenheim,1 - 1
350,germany_bundesliga/2015-2016/2015-09-20 - 18-30 Dortmund 3 - 0 Bayer Leverkusen/,,Bayer Leverkusen,20/09/2015 - 18:30,Dortmund,3 - 0
351,germany_bundesliga/2015-2016/2015-10-04 - 18-30 Bayern Munich 5 - 1 Dortmund/,,Dortmund,04/10/2015 - 18:30,Bayern Munich,5 - 1
352,germany_bundesliga/2015-2016/2015-11-07 - 17-30 Bayern Munich 4 - 0 VfB Stuttgart/,,VfB Stuttgart,07/11/2015 - 17:30,Bayern Munich,4 - 0
353,germany_bundesliga/2015-2016/2016-04-23 - 16-30 Hertha Berlin 0 - 2 Bayern Munich/,,Bayern Munich,23/04/2016 - 16:30,Hertha Berlin,0 - 2
354,germany_bundesliga/2016-2017/2016-12-03 - 17-30 Dortmund 4 - 1 B. Monchengladbach/,,B. Monchengladbach,03/12/2016 - 17:30,Dortmund,4 - 1
355,germany_bundesliga/2016-2017/2017-02-25 - 17-30 SC Freiburg 0 - 3 Dortmund/,,Dortmund,25/02/2017 - 17:30,SC Freiburg,0 - 3
356,italy_serie-a/2014-2015/2015-04-25 - 19-00 Udinese 2 - 1 AC Milan/,,AC Milan,25/04/2015 - 19:00,Udinese,2 - 1
357,italy_serie-a/2014-2015/2015-05-10 - 21-45 Lazio 1 - 2 Inter/,,Inter,10/05/2015 - 21:45,Lazio,1 - 2
358,italy_serie-a/2014-2015/2015-05-17 - 13-30 Sassuolo 3 - 2 AC Milan/,,AC Milan,17/05/2015 - 13:30,Sassuolo,3 - 2
359,italy_serie-a/2015-2016/2015-09-26 - 21-45 Napoli 2 - 1 Juventus/,,Juventus,26/09/2015 - 21:45,Napoli,2 - 1
360,italy_serie-a/2016-2017/2016-08-20 - 19-00 AS Roma 4 - 0 Udinese/,,Udinese,20/08/2016 - 19:00,AS Roma,4 - 0
361,italy_serie-a/2016-2017/2016-09-18 - 21-45 Fiorentina 1 - 0 AS Roma/,,AS Roma,18/09/2016 - 21:45,Fiorentina,1 - 0
362,italy_serie-a/2016-2017/2016-09-21 - 21-45 Genoa 0 - 0 Napoli/,,Napoli,21/09/2016 - 21:45,Genoa,0 - 0
363,italy_serie-a/2016-2017/2016-10-02 - 19-00 AC Milan 4 - 3 Sassuolo/,,Sassuolo,02/10/2016 - 19:00,AC Milan,4 - 3
364,italy_serie-a/2016-2017/2016-10-29 - 21-45 Juventus 2 - 1 Napoli/,,Napoli,29/10/2016 - 21:45,Juventus,2 - 1
365,italy_serie-a/2016-2017/2016-11-05 - 22-45 Napoli 1 - 1 Lazio/,,Lazio,05/11/2016 - 22:45,Napoli,1 - 1
366,italy_serie-a/2016-2017/2016-12-12 - 23-00 AS Roma 1 - 0 AC Milan/,,AC Milan,12/12/2016 - 23:00,AS Roma,1 - 0
367,italy_serie-a/2016-2017/2017-01-22 - 22-45 AS Roma 1 - 0 Cagliari/,,Cagliari,22/01/2017 - 22:45,AS Roma,1 - 0
368,italy_serie-a/2016-2017/2017-02-19 - 17-00 Chievo 1 - 3 Napoli/,,Napoli,19/02/2017 - 17:00,Chievo,1 - 3
369,italy_serie-a/2016-2017/2017-03-12 - 22-45 Palermo 0 - 3 AS Roma/,,AS Roma,12/03/2017 - 22:45,Palermo,0 - 3
370,italy_serie-a/2016-2017/2017-04-02 - 21-45 Napoli 1 - 1 Juventus/,,Juventus,02/04/2017 - 21:45,Napoli,1 - 1
371,italy_serie-a/2016-2017/2017-04-15 - 21-45 Napoli 3 - 0 Udinese/,,Udinese,15/04/2017 - 21:45,Napoli,3 - 0
372,italy_serie-a/2016-2017/2017-04-30 - 13-30 AS Roma 1 - 3 Lazio/,,Lazio,30/04/2017 - 13:30,AS Roma,1 - 3
373,italy_serie-a/2016-2017/2017-05-06 - 19-00 Napoli 3 - 1 Cagliari/,,Cagliari,06/05/2017 - 19:00,Napoli,3 - 1
374,spain_laliga/2014-2015/2015-04-11 - 17-00 Real Madrid 3 - 0 Eibar/,,Eibar,11/04/2015 - 17:00,Real Madrid,3 - 0
375,spain_laliga/2014-2015/2015-04-11 - 21-00 Sevilla 2 - 2 Barcelona/,,Barcelona,11/04/2015 - 21:00,Sevilla,2 - 2
376,spain_laliga/2014-2015/2015-04-28 - 21-00 Barcelona 6 - 0 Getafe/,,Getafe,28/04/2015 - 21:00,Barcelona,6 - 0
377,spain_laliga/2014-2015/2015-05-02 - 19-00 Atl. Madrid 0 - 0 Ath Bilbao/,,Ath Bilbao,02/05/2015 - 19:00,Atl. Madrid,0 - 0
378,spain_laliga/2014-2015/2015-05-02 - 21-00 Sevilla 2 - 3 Real Madrid/,,Real Madrid,02/05/2015 - 21:00,Sevilla,2 - 3
379,spain_laliga/2014-2015/2015-05-23 - 21-30 Real Madrid 7 - 3 Getafe/,,Getafe,23/05/2015 - 21:30,Real Madrid,7 - 3
380,spain_laliga/2015-2016/2015-09-12 - 21-30 Atl. Madrid 1 - 2 Barcelona/,,Barcelona,12/09/2015 - 21:30,Atl. Madrid,1 - 2
381,spain_laliga/2015-2016/2015-09-26 - 17-00 Barcelona 2 - 1 Las Palmas/,,Las Palmas,26/09/2015 - 17:00,Barcelona,2 - 1
382,spain_laliga/2015-2016/2015-10-24 - 17-00 Celta Vigo 1 - 3 Real Madrid/,,Real Madrid,24/10/2015 - 17:00,Celta Vigo,1 - 3
383,spain_laliga/2015-2016/2015-12-13 - 22-30 Villarreal 1 - 0 Real Madrid/,,Real Madrid,13/12/2015 - 22:30,Villarreal,1 - 0
384,spain_laliga/2015-2016/2015-12-20 - 18-00 Real Madrid 1 - 0 Rayo Vallecano/,,Rayo Vallecano,20/12/2015 - 18:00,Real Madrid,10 - 2
385,spain_laliga/2015-2016/2016-01-03 - 22-30 Valencia 2 - 2 Real Madrid/,,Real Madrid,03/01/2016 - 22:30,Valencia,2 - 2
386,spain_laliga/2015-2016/2016-01-09 - 22-30 Real Madrid 5 - 0 Dep. La Coruna/,,Dep. La Coruna,09/01/2016 - 22:30,Real Madrid,5 - 0
387,spain_laliga/2015-2016/2016-02-13 - 18-00 Real Madrid 4 - 2 Ath Bilbao/,,Ath Bilbao,13/02/2016 - 18:00,Real Madrid,4 - 2
388,spain_laliga/2015-2016/2016-03-20 - 22-30 Real Madrid 4 - 0 Sevilla/,,Sevilla,20/03/2016 - 22:30,Real Madrid,4 - 0
389,spain_laliga/2016-2017/2016-08-21 - 21-15 Real Sociedad 0 - 3 Real Madrid/,,Real Madrid,21/08/2016 - 21:15,Real Sociedad,0 - 3
390,spain_laliga/2016-2017/2016-09-17 - 14-00 Leganes 1 - 5 Barcelona/,,Barcelona,17/09/2016 - 14:00,Leganes,1 - 5
391,spain_laliga/2016-2017/2016-10-02 - 21-45 Celta Vigo 4 - 3 Barcelona/,,Barcelona,02/10/2016 - 21:45,Celta Vigo,4 - 3
392,spain_laliga/2016-2017/2016-10-15 - 17-15 Barcelona 4 - 0 Dep. La Coruna/,,Dep. La Coruna,15/10/2016 - 17:15,Barcelona,4 - 0
393,spain_laliga/2016-2017/2017-01-07 - 15-00 Real Madrid 5 - 0 Granada CF/,,Granada CF,07/01/2017 - 15:00,Real Madrid,5 - 0
394,spain_laliga/2016-2017/2017-01-21 - 18-15 Real Madrid 2 - 1 Malaga/,,Malaga,21/01/2017 - 18:15,Real Madrid,2 - 1
395,spain_laliga/2016-2017/2017-02-18 - 18-15 Real Madrid 2 - 0 Espanyol/,,Espanyol,18/02/2017 - 18:15,Real Madrid,2 - 0
396,spain_laliga/2016-2017/2017-04-23 - 21-45 Real Madrid 2 - 3 Barcelona/,,Barcelona,23/04/2017 - 21:45,Real Madrid,2 - 3
397,spain_laliga/2016-2017/2017-04-29 - 17-15 Real Madrid 2 - 1 Valencia/,,Valencia,29/04/2017 - 17:15,Real Madrid,2 - 1
398,spain_laliga/2016-2017/2017-04-29 - 21-45 Espanyol 0 - 3 Barcelona/,,Barcelona,29/04/2017 - 21:45,Espanyol,0 - 3
399,spain_laliga/2016-2017/2017-05-14 - 21-00 Las Palmas 1 - 4 Barcelona/,,Barcelona,14/05/2017 - 21:00,Las Palmas,1 - 4
400,england_epl/2014-2015/2015-05-17 - 18-00 Manchester United 1 - 1 Arsenal/,,Arsenal,17/05/2015 - 18:00,Manchester United,1 - 1
401,england_epl/2015-2016/2015-08-16 - 18-00 Manchester City 3 - 0 Chelsea/,,Chelsea,16/08/2015 - 18:00,Manchester City,3 - 0
402,england_epl/2015-2016/2015-08-23 - 15-30 West Brom 2 - 3 Chelsea/,,Chelsea,23/08/2015 - 15:30,West Brom,2 - 3
403,england_epl/2015-2016/2015-08-29 - 17-00 Liverpool 0 - 3 West Ham/,,West Ham,29/08/2015 - 17:00,Liverpool,0 - 3
404,england_epl/2015-2016/2015-09-20 - 18-00 Southampton 2 - 3 Manchester United/,,Manchester United,20/09/2015 - 18:00,Southampton,2 - 3
405,england_epl/2015-2016/2015-09-26 - 19-30 Newcastle Utd 2 - 2 Chelsea/,,Chelsea,26/09/2015 - 19:30,Newcastle Utd,2 - 2
406,england_epl/2015-2016/2015-10-03 - 19-30 Chelsea 1 - 3 Southampton/,,Southampton,03/10/2015 - 19:30,Chelsea,1 - 3
407,england_epl/2015-2016/2015-10-24 - 17-00 West Ham 2 - 1 Chelsea/,,Chelsea,24/10/2015 - 17:00,West Ham,2 - 1
408,england_epl/2015-2016/2015-11-07 - 20-30 Stoke City 1 - 0 Chelsea/,,Chelsea,07/11/2015 - 20:30,Stoke City,1 - 0
409,england_epl/2015-2016/2015-11-08 - 19-00 Arsenal 1 - 1 Tottenham/,,Tottenham,08/11/2015 - 19:00,Arsenal,1 - 1
410,england_epl/2015-2016/2015-12-28 - 20-30 Manchester United 0 - 0 Chelsea/,,Chelsea,28/12/2015 - 20:30,Manchester United,0 - 0
411,england_epl/2015-2016/2016-02-03 - 22-45 Watford 0 - 0 Chelsea/,,Chelsea,03/02/2016 - 22:45,Watford,0 - 0
412,england_epl/2015-2016/2016-03-01 - 22-45 Norwich 1 - 2 Chelsea/,,Chelsea,01/03/2016 - 22:45,Norwich,1 - 2
413,england_epl/2016-2017/2016-08-27 - 14-30 Tottenham 1 - 1 Liverpool/,,Liverpool,27/08/2016 - 14:30,Tottenham,1 - 1
414,england_epl/2016-2017/2016-09-24 - 14-30 Manchester United 4 - 1 Leicester/,,Leicester,24/09/2016 - 14:30,Manchester United,4 - 1
415,england_epl/2016-2017/2016-10-15 - 14-30 Chelsea 3 - 0 Leicester/,,Leicester,15/10/2016 - 14:30,Chelsea,3 - 0
416,england_epl/2016-2017/2017-01-21 - 15-30 Liverpool 2 - 3 Swansea/,,Swansea,21/01/2017 - 15:30,Liverpool,2 - 3
418,europe_uefa-champions-league/2014-2015/2014-11-04 - 20-00 Zenit Petersburg 1 - 2 Bayer Leverkusen/,,Bayer Leverkusen,04/11/2014 - 20:00,Zenit Petersburg,1 - 2
419,europe_uefa-champions-league/2014-2015/2015-02-24 - 22-45 Manchester City 1 - 2 Barcelona/,,Barcelona,24/02/2015 - 22:45,Manchester City,1 - 2
420,europe_uefa-champions-league/2014-2015/2015-03-10 - 22-45 Real Madrid 3 - 4 Schalke/,,Schalke,10/03/2015 - 22:45,Real Madrid,3 - 4
421,europe_uefa-champions-league/2014-2015/2015-03-17 - 22-45 Monaco 0 - 2 Arsenal/,,Arsenal,17/03/2015 - 22:45,Monaco,0 - 2
422,europe_uefa-champions-league/2014-2015/2015-04-15 - 21-45 FC Porto 3 - 1 Bayern Munich/,,Bayern Munich,15/04/2015 - 21:45,FC Porto,3 - 1
423,europe_uefa-champions-league/2014-2015/2015-04-22 - 21-45 Real Madrid 1 - 0 Atl. Madrid/,,Atl. Madrid,22/04/2015 - 21:45,Real Madrid,1 - 0
424,europe_uefa-champions-league/2014-2015/2015-05-05 - 21-45 Juventus 2 - 1 Real Madrid/,,Real Madrid,05/05/2015 - 21:45,Juventus,2 - 1
425,europe_uefa-champions-league/2015-2016/2015-09-29 - 21-45 Bayern Munich 5 - 0 D. Zagreb/,,D. Zagreb,29/09/2015 - 21:45,Bayern Munich,5 - 0
426,europe_uefa-champions-league/2015-2016/2015-11-03 - 22-45 Real Madrid 1 - 0 Paris SG/,,Paris SG,03/11/2015 - 22:45,Real Madrid,1 - 0
427,europe_uefa-champions-league/2015-2016/2015-11-03 - 22-45 Sevilla 1 - 3 Manchester City/,,Manchester City,03/11/2015 - 22:45,Sevilla,1 - 3
428,europe_uefa-champions-league/2015-2016/2015-11-03 - 22-45 Shakhtar Donetsk 4 - 0 Malmo FF/,,Malmo FF,03/11/2015 - 22:45,Shakhtar Donetsk,4 - 0
429,europe_uefa-champions-league/2015-2016/2015-11-25 - 22-45 Shakhtar Donetsk 3 - 4 Real Madrid/,,Real Madrid,25/11/2015 - 22:45,Shakhtar Donetsk,3 - 4
430,europe_uefa-champions-league/2015-2016/2016-04-05 - 21-45 Bayern Munich 1 - 0 Benfica/,,Benfica,05/04/2016 - 21:45,Bayern Munich,1 - 0
431,europe_uefa-champions-league/2016-2017/2016-11-01 - 20-45 Besiktas 1 - 1 Napoli/,,Napoli,01/11/2016 - 20:45,Besiktas,1 - 1
432,europe_uefa-champions-league/2016-2017/2016-11-01 - 22-45 Manchester City 3 - 1 Barcelona/,,Barcelona,01/11/2016 - 22:45,Manchester City,3 - 1
433,europe_uefa-champions-league/2016-2017/2016-11-23 - 22-45 Arsenal 2 - 2 Paris SG/,,Paris SG,23/11/2016 - 22:45,Arsenal,2 - 2
434,europe_uefa-champions-league/2016-2017/2017-03-08 - 22-45 Barcelona 6 - 1 Paris SG/,,Paris SG,08/03/2017 - 22:45,Barcelona,6 - 1
435,europe_uefa-champions-league/2016-2017/2017-04-12 - 21-45 Bayern Munich 1 - 2 Real Madrid/,,Real Madrid,12/04/2017 - 21:45,Bayern Munich,1 - 2
437,france_ligue-1/2016-2017/2016-08-28 - 21-45 Monaco 3 - 1 Paris SG/,,Paris SG,28/08/2016 - 21:45,Monaco,3 - 1
439,germany_bundesliga/2014-2015/2015-05-09 - 16-30 Bayern Munich 0 - 1 FC Augsburg/,,FC Augsburg,09/05/2015 - 16:30,Bayern Munich,0 - 1
440,germany_bundesliga/2015-2016/2015-08-29 - 19-30 Bayern Munich 3 - 0 Bayer Leverkusen/,,Bayer Leverkusen,29/08/2015 - 19:30,Bayern Munich,3 - 0
441,germany_bundesliga/2015-2016/2015-09-12 - 16-30 Bayern Munich 2 - 1 FC Augsburg/,,FC Augsburg,12/09/2015 - 16:30,Bayern Munich,2 - 1
442,germany_bundesliga/2015-2016/2015-10-24 - 16-30 Bayern Munich 4 - 0 FC Koln/,,FC Koln,24/10/2015 - 16:30,Bayern Munich,4 - 0
443,germany_bundesliga/2015-2016/2015-11-08 - 17-30 Dortmund 3 - 2 Schalke/,,Schalke,08/11/2015 - 17:30,Dortmund,3 - 2
444,germany_bundesliga/2016-2017/2016-09-10 - 19-30 RB Leipzig 1 - 0 Dortmund/,,Dortmund,10/09/2016 - 19:30,RB Leipzig,1 - 0
445,germany_bundesliga/2016-2017/2016-10-01 - 19-30 Bayer Leverkusen 2 - 0 Dortmund/,,Dortmund,01/10/2016 - 19:30,Bayer Leverkusen,2 - 0
446,germany_bundesliga/2016-2017/2016-11-05 - 17-30 Hamburger SV 2 - 5 Dortmund/,,Dortmund,05/11/2016 - 17:30,Hamburger SV,2 - 5
447,germany_bundesliga/2016-2017/2016-11-19 - 20-30 Dortmund 1 - 0 Bayern Munich/,,Bayern Munich,19/11/2016 - 20:30,Dortmund,1 - 0
448,germany_bundesliga/2016-2017/2016-12-16 - 22-30 Hoffenheim 2 - 2 Dortmund/,,Dortmund,16/12/2016 - 22:30,Hoffenheim,2 - 2
449,germany_bundesliga/2016-2017/2017-01-21 - 17-30 SV Werder Bremen 1 - 2 Dortmund/,,Dortmund,21/01/2017 - 17:30,SV Werder Bremen,1 - 2
450,germany_bundesliga/2016-2017/2017-01-29 - 19-30 1. FSV Mainz 05 1 - 1 Dortmund/,,Dortmund,29/01/2017 - 19:30,1. FSV Mainz 05,1 - 1
451,germany_bundesliga/2016-2017/2017-03-04 - 17-30 Dortmund 6 - 2 Bayer Leverkusen/,,Bayer Leverkusen,04/03/2017 - 17:30,Dortmund,6 - 2
453,italy_serie-a/2014-2015/2015-04-29 - 21-45 Juventus 3 - 2 Fiorentina/,,Fiorentina,29/04/2015 - 21:45,Juventus,3 - 2
454,italy_serie-a/2015-2016/2015-08-29 - 21-45 AC Milan 2 - 1 Empoli/,,Empoli,29/08/2015 - 21:45,AC Milan,2 - 1
455,italy_serie-a/2015-2016/2015-09-20 - 16-00 Genoa 0 - 2 Juventus/,,Juventus,20/09/2015 - 16:00,Genoa,0 - 2
456,italy_serie-a/2015-2016/2015-09-27 - 21-45 Inter 1 - 4 Fiorentina/,,Fiorentina,27/09/2015 - 21:45,Inter,1 - 4
457,italy_serie-a/2016-2017/2016-08-27 - 21-45 Napoli 4 - 2 AC Milan/,,AC Milan,27/08/2016 - 21:45,Napoli,4 - 2
458,italy_serie-a/2016-2017/2016-09-11 - 16-00 AC Milan 0 - 1 Udinese/,,Udinese,11/09/2016 - 16:00,AC Milan,0 - 1
459,italy_serie-a/2016-2017/2016-09-20 - 21-45 AC Milan 2 - 0 Lazio/,,Lazio,20/09/2016 - 21:45,AC Milan,2 - 0
460,italy_serie-a/2016-2017/2016-09-24 - 21-45 Napoli 2 - 0 Chievo/,,Chievo,24/09/2016 - 21:45,Napoli,2 - 0
461,italy_serie-a/2016-2017/2016-09-25 - 13-30 Torino 3 - 1 AS Roma/,,AS Roma,25/09/2016 - 13:30,Torino,3 - 1
462,italy_serie-a/2016-2017/2016-09-25 - 21-45 Fiorentina 0 - 0 AC Milan/,,AC Milan,25/09/2016 - 21:45,Fiorentina,0 - 0
463,italy_serie-a/2016-2017/2016-10-02 - 21-45 AS Roma 2 - 1 Inter/,,Inter,02/10/2016 - 21:45,AS Roma,2 - 1
464,italy_serie-a/2016-2017/2016-11-20 - 17-00 Atalanta 2 - 1 AS Roma/,,AS Roma,20/11/2016 - 17:00,Atalanta,2 - 1
465,italy_serie-a/2016-2017/2016-11-26 - 22-45 Empoli 1 - 4 AC Milan/,,AC Milan,26/11/2016 - 22:45,Empoli,1 - 4
466,italy_serie-a/2016-2017/2016-12-04 - 17-00 Lazio 0 - 2 AS Roma/,,AS Roma,04/12/2016 - 17:00,Lazio,0 - 2
467,italy_serie-a/2016-2017/2017-01-08 - 17-00 Genoa 0 - 1 AS Roma/,,AS Roma,08/01/2017 - 17:00,Genoa,0 - 1
468,italy_serie-a/2016-2017/2017-01-29 - 17-00 Sampdoria 3 - 2 AS Roma/,,AS Roma,29/01/2017 - 17:00,Sampdoria,3 - 2
469,italy_serie-a/2016-2017/2017-02-07 - 22-45 AS Roma 4 - 0 Fiorentina/,,Fiorentina,07/02/2017 - 22:45,AS Roma,4 - 0
470,italy_serie-a/2016-2017/2017-02-25 - 20-00 Napoli 0 - 2 Atalanta/,,Atalanta,25/02/2017 - 20:00,Napoli,0 - 2
471,italy_serie-a/2016-2017/2017-02-26 - 22-45 Inter 1 - 3 AS Roma/,,AS Roma,26/02/2017 - 22:45,Inter,1 - 3
472,italy_serie-a/2016-2017/2017-04-01 - 21-45 AS Roma 2 - 0 Empoli/,,Empoli,01/04/2017 - 21:45,AS Roma,2 - 0
473,italy_serie-a/2016-2017/2017-04-30 - 21-45 Inter 0 - 1 Napoli/,,Napoli,30/04/2017 - 21:45,Inter,0 - 1
475,spain_laliga/2014-2015/2015-02-14 - 20-00 Real Madrid 2 - 0 Dep. La Coruna/,,Dep. La Coruna,14/02/2015 - 20:00,Real Madrid,2 - 0
476,spain_laliga/2014-2015/2015-04-18 - 21-00 Real Madrid 3 - 1 Malaga/,,Malaga,18/04/2015 - 21:00,Real Madrid,3 - 1
477,spain_laliga/2014-2015/2015-04-25 - 17-00 Espanyol 0 - 2 Barcelona/,,Barcelona,25/04/2015 - 17:00,Espanyol,0 - 2
478,spain_laliga/2014-2015/2015-04-29 - 21-00 Real Madrid 3 - 0 Almeria/,,Almeria,29/04/2015 - 21:00,Real Madrid,3 - 0
479,spain_laliga/2014-2015/2015-05-02 - 17-00 Cordoba 0 - 8 Barcelona/,,Barcelona,02/05/2015 - 17:00,Cordoba,0 - 8
480,spain_laliga/2014-2015/2015-05-09 - 19-00 Barcelona 2 - 0 Real Sociedad/,,Real Sociedad,09/05/2015 - 19:00,Barcelona,2 - 0
481,spain_laliga/2015-2016/2015-08-29 - 23-30 Real Madrid 5 - 0 Betis/,,Betis,29/08/2015 - 23:30,Real Madrid,5 - 0
482,spain_laliga/2015-2016/2015-09-19 - 17-00 Real Madrid 1 - 0 Granada CF/,,Granada CF,19/09/2015 - 17:00,Real Madrid,1 - 0
484,spain_laliga/2015-2016/2015-12-05 - 18-00 Real Madrid 4 - 1 Getafe/,,Getafe,05/12/2015 - 18:00,Real Madrid,4 - 1
485,spain_laliga/2015-2016/2015-12-30 - 18-00 Real Madrid 3 - 1 Real Sociedad/,,Real Sociedad,30/12/2015 - 18:00,Real Madrid,3 - 1
486,spain_laliga/2015-2016/2016-02-27 - 18-00 Real Madrid 0 - 1 Atl. Madrid/,,Atl. Madrid,27/02/2016 - 18:00,Real Madrid,0 - 1
487,spain_laliga/2015-2016/2016-03-02 - 23-00 Levante 1 - 3 Real Madrid/,,Real Madrid,02/03/2016 - 23:00,Levante,1 - 3
488,spain_laliga/2015-2016/2016-05-08 - 18-00 Real Madrid 3 - 2 Valencia/,,Valencia,08/05/2016 - 18:00,Real Madrid,3 - 2
489,spain_laliga/2015-2016/2016-05-14 - 18-00 Dep. La Coruna 0 - 2 Real Madrid/,,Real Madrid,14/05/2016 - 18:00,Dep. La Coruna,0 - 2
490,spain_laliga/2016-2017/2016-09-10 - 21-30 Barcelona 1 - 2 Alaves/,,Alaves,10/09/2016 - 21:30,Barcelona,1 - 2
491,spain_laliga/2016-2017/2016-09-21 - 21-00 Real Madrid 1 - 1 Villarreal/,,Villarreal,21/09/2016 - 21:00,Real Madrid,1 - 1
492,spain_laliga/2016-2017/2016-09-24 - 21-45 Las Palmas 2 - 2 Real Madrid/,,Real Madrid,24/09/2016 - 21:45,Las Palmas,2 - 2
493,spain_laliga/2016-2017/2016-11-26 - 18-15 Real Madrid 2 - 1 Gijon/,,Gijon,26/11/2016 - 18:15,Real Madrid,2 - 1
494,spain_laliga/2016-2017/2016-12-18 - 22-45 Barcelona 4 - 1 Espanyol/,,Espanyol,18/12/2016 - 22:45,Barcelona,4 - 1
495,spain_laliga/2016-2017/2017-02-11 - 22-45 Osasuna 1 - 3 Real Madrid/,,Real Madrid,11/02/2017 - 22:45,Osasuna,1 - 3
496,spain_laliga/2016-2017/2017-03-12 - 22-45 Real Madrid 2 - 1 Betis/,,Betis,12/03/2017 - 22:45,Real Madrid,2 - 1
497,spain_laliga/2016-2017/2017-04-02 - 17-15 Real Madrid 3 - 0 Alaves/,,Alaves,02/04/2017 - 17:15,Real Madrid,3 - 0
498,spain_laliga/2016-2017/2017-04-08 - 21-45 Malaga 2 - 0 Barcelona/,,Barcelona,08/04/2017 - 21:45,Malaga,2 - 0
